{
    "train_loss": [
        2.184340275736416,
        1.3421615942436107,
        0.9139272982583326,
        0.6305303832625642,
        0.4527206470422885,
        0.3096178296734305,
        0.21661254982737935,
        0.20545514333335793,
        0.0869850389467662,
        0.03824149991166504,
        0.034235468902625146,
        0.026839870189809625,
        0.02025970387245145,
        0.012281086242771433,
        0.01153057816417833,
        0.009711183304213646,
        0.008914580932297907,
        0.00712311913153184,
        0.006723602147950955,
        0.006302384280442151
    ],
    "train_accuracy": [
        0.3636280011038543,
        0.5870665072210468,
        0.7083984913991354,
        0.7968908104130255,
        0.8543832214147733,
        0.9065403366755588,
        0.9357004875356453,
        0.9368043418268789,
        0.9758071934504645,
        0.991905068530954,
        0.9916291049581455,
        0.994112777113421,
        0.9966884371262993,
        0.9982522307055469,
        0.9984362064207525,
        0.9984362064207525,
        0.9985281942783553,
        0.9990801214239721,
        0.9992640971391776,
        0.9990801214239721
    ],
    "val_loss": [
        1.5808548520593082,
        1.2202914315111497,
        1.1430550992488862,
        1.0539633168893703,
        1.2138628559954026,
        1.2723728888175068,
        1.310181905592189,
        1.3678958559737486,
        1.0697069893865023,
        1.0907396653119255,
        1.0903022969470304,
        1.2027704344076269,
        1.1245085930123049,
        1.115712080632939,
        1.138554955054732,
        1.0981901747338911,
        1.1031624965807971,
        1.1450744236216825,
        1.1201288135612713,
        1.0833832730265225
    ],
    "val_accuracy": [
        0.5215311004784688,
        0.6098638203901362,
        0.6367316893632683,
        0.6610231873389768,
        0.6518218623481782,
        0.6378358483621641,
        0.6775855723224145,
        0.6628634523371365,
        0.7136547662863453,
        0.7280088332719912,
        0.7327935222672065,
        0.7180714022819286,
        0.7346337872653662,
        0.7338976812661023,
        0.729112992270887,
        0.7375782112624217,
        0.7456753772543246,
        0.7327935222672065,
        0.7453073242546927,
        0.7486198012513802
    ]
}