{
    "train_loss": [
        0.329508208705314,
        0.2305092672123366,
        0.17533759469356222,
        0.12353071561795037,
        0.0848277323556008,
        0.06211843112762424,
        0.022486653187689238,
        0.013614573502372936,
        0.019091171983131826,
        0.013310838528147085,
        0.0035564918374872316,
        0.004139906396205557,
        0.0027800066286463726,
        0.0031226428584133444,
        0.0012728189992873022,
        0.0011262909765424461,
        0.0008128795481564695,
        0.0016515795423359327,
        0.0006254845728359689,
        0.0005684140186162039
    ],
    "train_accuracy": [
        0.8640825070997957,
        0.9125105874146779,
        0.9362263962931593,
        0.9534651985451646,
        0.9694085994718749,
        0.9777788849583977,
        0.9925763539435005,
        0.9959643266404264,
        0.9939215783966917,
        0.9955657416172587,
        0.9988042449304967,
        0.9987045986747048,
        0.9989038911862886,
        0.9989038911862886,
        0.9996512381047282,
        0.9996014149768322,
        0.9997010612326241,
        0.9996014149768322,
        0.9998007074884161,
        0.9998007074884161
    ],
    "val_loss": [
        0.29712625872936976,
        0.2632698355966313,
        0.2935709636302511,
        0.6905727901371421,
        0.3519213784865703,
        0.384359825533002,
        0.44275312752916723,
        0.4991663029983901,
        0.4830662166687903,
        0.4811632485369185,
        0.5745761250340377,
        0.574222061465343,
        0.63209185941424,
        0.601734312022087,
        0.7572216761210332,
        0.7002876800878807,
        0.7097005547058789,
        0.7016201900650271,
        0.6971303938874481,
        0.7025736509587578
    ],
    "val_accuracy": [
        0.8806059398046642,
        0.895355790312936,
        0.8899740881004584,
        0.8116404225632848,
        0.9019334263504086,
        0.8859876420171418,
        0.9077137731712178,
        0.9077137731712178,
        0.9059198724337253,
        0.9101056408212079,
        0.9130954753836954,
        0.9118995415587005,
        0.9126968307753638,
        0.9140920869045246,
        0.8991429140920869,
        0.9152880207295196,
        0.9158859876420171,
        0.9162846322503488,
        0.9146900538170222,
        0.9132947976878613
    ]
}